"Year","Point.Forecast","Lo.70","Hi.70","Lo.75","Hi.75","Lo.80","Hi.80","Lo.85","Hi.85","Lo.90","Hi.90","Lo.95","Hi.95"
"May 2019",624.709912672388,151.042466128203,2579.35319130073,129.186946489767,3014.27377597941,107.892499238724,3606.79535258306,86.8397598817108,4476.77147179067,65.4684216399224,5928.26540000994,42.3886411225492,9122.21648784954
"Jun 2019",211.575710540236,49.7631693437969,894.801878678824,42.4105795308766,1048.36975690247,35.2660659875278,1258.15592257747,28.2250687833267,1567.16968007246,21.1058741133484,2084.83611566574,13.4605942520617,3230.68162788213
"Jul 2019",1.83633964474748,0.0814567803912673,9.35535681055638,0.00249555795480688,11.0563174910108,0,13.3840116107401,0,16.8197474389929,0,22.5903214428083,0,35.4116391658879
"Aug 2019",0,0,0,0,0,0,0,0,0,0,0,0,0
"Sep 2019",0,0,0,0,0,0,0,0,0,0,0,0,0
"Oct 2019",0,0,0,0,0,0,0,0,0,0,0,0,0
"Nov 2019",0,0,0,0,0,0,0,0,0,0,0,0,0
"Dec 2019",0,0,0,0,0,0,0,0,0,0,0,0,0
