"Year","Point.Forecast","Lo.70","Hi.70","Lo.75","Hi.75","Lo.80","Hi.80","Lo.85","Hi.85","Lo.90","Hi.90","Lo.95","Hi.95"
"May 2019",401.322554487014,98.2363099452294,1632.66953714651,84.105147021749,1904.76547677214,70.3114173543857,2274.77373592657,56.6447051236,2816.85327511144,42.7335663038608,3718.7772374865,27.6528265046811,5695.46739612738
"Jun 2019",0.968077250695353,0,7.23064623368742,0,8.70572542846795,0,10.7466319100037,0,13.7984912111361,0,19.0091628114793,0,30.8660923877017
"Jul 2019",0.695837090643468,0,5.95100772918327,0,7.18880533188976,0,8.90141110867242,0,11.4623475926971,0,15.8348293131482,0,25.7844503618617
"Aug 2019",0,0,0,0,0,0,0,0,0,0,0,0,0
"Sep 2019",0,0,0,0,0,0,0,0,0,0,0,0,0
"Oct 2019",0,0,0,0,0,0,0,0,0,0,0,0,0
"Nov 2019",0,0,0,0,0,0,0,0,0,0,0,0,0
"Dec 2019",0,0,0,0,0,0,0,0,0,0,0,0,0
