"Year","Point.Forecast","Lo.70","Hi.70","Lo.75","Hi.75","Lo.80","Hi.80","Lo.85","Hi.85","Lo.90","Hi.90","Lo.95","Hi.95"
"May 2019",175.702406011667,56.8918478979311,512.639712159615,49.8865876378071,575.818123858022,42.7526920967974,658.143562628168,35.3229346029568,772.824462537583,27.2731996810989,951.877357912833,17.7409463784518,1309.73492234994
"Jun 2019",0.571673915201352,0,15.9828658899982,0,18.8725863619704,0,22.6380736444591,0,27.8834689512358,0,36.073178116476,0,52.441242811431
"Jul 2019",0.592609167560243,0,16.042236602882,0,18.9391640279121,0,22.7140424229143,0,27.9725197277987,0,36.1826539999252,0,52.5915405927243
"Aug 2019",0,0,0,0,0,0,0,0,0,0,0,0,0
"Sep 2019",0,0,0,0,0,0,0,0,0,0,0,0,0
"Oct 2019",0,0,0,0,0,0,0,0,0,0,0,0,0
"Nov 2019",0,0,0,0,0,0,0,0,0,0,0,0,0
"Dec 2019",0,0,0,0,0,0,0,0,0,0,0,0,0
