"Year","Point.Forecast","Lo.70","Hi.70","Lo.75","Hi.75","Lo.80","Hi.80","Lo.85","Hi.85","Lo.90","Hi.90","Lo.95","Hi.95"
"May 2019",549.740893653805,364.390731852595,829.196067757376,348.281774733143,867.505448594623,330.607180734307,913.824529176269,310.509070938653,972.888100843832,286.199078730156,1055.3884370697,252.532149272798,1195.80399631048
"Jun 2019",0.0122789265064777,0,0.362123155288003,0,0.410081887263878,0,0.468067798871832,0,0.542008278755246,0,0.645288765844947,0,0.821072138577606
"Jul 2019",0.0131953928376655,0,0.363504925099549,0,0.411527443649751,0,0.469590478286365,0,0.543629301260214,0,0.647047154543616,0,0.823064324516282
"Aug 2019",0,0,0,0,0,0,0,0,0,0,0,0,0
"Sep 2019",0,0,0,0,0,0,0,0,0,0,0,0,0
"Oct 2019",0,0,0,0,0,0,0,0,0,0,0,0,0
"Nov 2019",0,0,0,0,0,0,0,0,0,0,0,0,0
"Dec 2019",0,0,0,0,0,0,0,0,0,0,0,0,0
