"Year","Point.Forecast","Lo.70","Hi.70","Lo.75","Hi.75","Lo.80","Hi.80","Lo.85","Hi.85","Lo.90","Hi.90","Lo.95","Hi.95"
"May 2019",139.166004391251,39.0977839783124,470.331269185975,33.7570598801691,537.046303885705,28.4163618562536,625.587010267886,22.9721337566524,751.624500168089,17.2297667939458,953.85301233366,10.6833829046293,1374.32628884347
"Jun 2019",11.1639767757032,0,56.0479365309451,0,65.804280126505,0,79.0132374740515,0,98.2647353803091,0,130.086543098253,0,199.16776897913
"Jul 2019",7.73431883304485,0,44.8559781309507,0,53.0938534960431,0,64.3088590112312,0,80.7615227290959,0,108.182417840546,0,168.427679973022
"Aug 2019",0,0,0,0,0,0,0,0,0,0,0,0,0
"Sep 2019",0,0,0,0,0,0,0,0,0,0,0,0,0
"Oct 2019",0,0,0,0,0,0,0,0,0,0,0,0,0
"Nov 2019",0,0,0,0,0,0,0,0,0,0,0,0,0
"Dec 2019",0,0,0,0,0,0,0,0,0,0,0,0,0
