"Year","Point.Forecast","Lo.70","Hi.70","Lo.75","Hi.75","Lo.80","Hi.80","Lo.85","Hi.85","Lo.90","Hi.90","Lo.95","Hi.95"
"May 2019",174.615881216292,78.0385510953278,389.799837576393,71.4100178471391,425.735765477652,64.4649568849516,471.242388164025,56.9853154357339,532.52804817937,48.5340897897194,624.22601175447,37.9120406207828,796.555463529994
"Jun 2019",0.142359391854169,0,1.05537074096793,0,1.20784451535973,0,1.40092611714498,0,1.66095713469119,0,2.05002555248059,0,2.78120806217618
"Jul 2019",0.142359391854169,0,1.05537074096793,0,1.20784451535973,0,1.40092611714498,0,1.66095713469119,0,2.05002555248059,0,2.78120806217618
"Aug 2019",0,0,0,0,0,0,0,0,0,0,0,0,0
"Sep 2019",0,0,0,0,0,0,0,0,0,0,0,0,0
"Oct 2019",0,0,0,0,0,0,0,0,0,0,0,0,0
"Nov 2019",0,0,0,0,0,0,0,0,0,0,0,0,0
"Dec 2019",0,0,0,0,0,0,0,0,0,0,0,0,0
